{
  "score_en.jsonl": {
    "Sentences_Precision": 0.14922201922051762,
    "Sentences_Recall": 0.6487372187758274,
    "Words_Precision": 0.2959868353590312,
    "Words_Recall": 0.7798737256099156,
    "ROUGELScore": 0.5221093304093734,
    "completeness": 0.5710476190476192,
    "hallucination": 0.3392261904761905,
    "irrelevance": 0.08972619047619049,
    "Words_F1": 0.4291120325389435,
    "Sentences_F1": 0.2426336412178364,
    "factual_score": 0.23182142857142873,
    "Generation_Total_Score": 0.37696537949040104,
    "Retrieval_Total_Score": 0.3358728368783899
  },
  "score_zh.jsonl": {
    "Sentences_Precision": 0.08720831356759713,
    "Sentences_Recall": 0.6596742826831377,
    "Words_Precision": 0.22966740718194242,
    "Words_Recall": 0.8175137344327723,
    "ROUGELScore": 0.4134306995581744,
    "completeness": 0.644583333333333,
    "hallucination": 0.18908333333333335,
    "irrelevance": 0.16633333333333333,
    "Words_F1": 0.35859366113734364,
    "Sentences_F1": 0.1540512042602149,
    "factual_score": 0.45549999999999957,
    "Generation_Total_Score": 0.434465349779087,
    "Retrieval_Total_Score": 0.2563224326987793
  }
}