{
  "score_en.jsonl": {
    "Sentences_Precision": 0.10057040462846074,
    "Sentences_Recall": 0.4809493011346097,
    "Words_Precision": 0.35381300678217203,
    "Words_Recall": 0.6605743055702155,
    "ROUGELScore": 0.41794417374852627,
    "completeness": 0.5824365079365081,
    "hallucination": 0.3303174603174604,
    "irrelevance": 0.08724603174603175,
    "Words_F1": 0.4608097487237724,
    "Sentences_F1": 0.16635469216787052,
    "factual_score": 0.25211904761904774,
    "Generation_Total_Score": 0.335031610683787,
    "Retrieval_Total_Score": 0.31358222044582146
  },
  "score_zh.jsonl": {
    "Sentences_Precision": 0.0749492702443465,
    "Sentences_Recall": 0.6305556760940315,
    "Words_Precision": 0.26263877917550255,
    "Words_Recall": 0.7784363625976093,
    "ROUGELScore": 0.41275371998695254,
    "completeness": 0.6597499999999998,
    "hallucination": 0.19641666666666663,
    "irrelevance": 0.14383333333333334,
    "Words_F1": 0.39276238137863734,
    "Sentences_F1": 0.13397407918104445,
    "factual_score": 0.4633333333333332,
    "Generation_Total_Score": 0.4380435266601429,
    "Retrieval_Total_Score": 0.2633682302798409
  }
}