{
  "score_zh.jsonl": {
    "EIR": 0.029285714285714286,
    "Precision": 0.0,
    "Recall": 0.21904761904761902,
    "ROUGELScore": 0.2139031675899933,
    "completeness": 0.5333333333333333,
    "hallucination": 0.08571428571428572,
    "irrelevance": 0.38095238095238093
  },
  "score_en.jsonl": {
    "EIR": 0.12260367762128326,
    "Precision": 0.0,
    "Recall": 0.2,
    "ROUGELScore": 0.18827945303524807,
    "completeness": 0.353125,
    "hallucination": 0.43437499999999996,
    "irrelevance": 0.2125
  }
}