{
  "score_zh.jsonl": {
    "Sentences_Precision": 0.11103482426984287,
    "Sentences_Recall": 0.6934789251111344,
    "Words_Precision": 0.20664272574944811,
    "Words_Recall": 0.8361299261083744,
    "ROUGELScore": 0.3656751593185481,
    "completeness": 0.5904761904761905,
    "hallucination": 0.07619047619047618,
    "irrelevance": 0.3333333333333333,
    "Words_F1": 0.33138607289688865,
    "Sentences_F1": 0.19142074487552568,
    "factual_score": 0.5142857142857143,
    "Generation_Total_Score": 0.4399804368021312,
    "Retrieval_Total_Score": 0.26140340888620717
  },
  "score_en.jsonl": {
    "Sentences_Precision": 0.24626640808187056,
    "Sentences_Recall": 0.34763875609804196,
    "Words_Precision": 0.41154788978141216,
    "Words_Recall": 0.5656903559236744,
    "ROUGELScore": 0.2253761166979486,
    "completeness": 0.39479166666666665,
    "hallucination": 0.4239583333333333,
    "irrelevance": 0.18125,
    "Words_F1": 0.47646246608391907,
    "Sentences_F1": 0.2883010720828815,
    "factual_score": -0.029166666666666674,
    "Generation_Total_Score": 0.09810472501564096,
    "Retrieval_Total_Score": 0.38238176908340027
  }
}