{
  "score_zh.jsonl": {
    "Sentences_Precision": 0.06222470981043554,
    "Sentences_Recall": 0.7304736149754463,
    "Words_Precision": 0.13176250873389472,
    "Words_Recall": 0.8612612476239702,
    "ROUGELScore": 0.39805658082838336,
    "completeness": 0.6676666666666665,
    "hallucination": 0.19183333333333338,
    "irrelevance": 0.1405,
    "Words_F1": 0.2285583641592597,
    "Sentences_F1": 0.11468047123299913,
    "factual_score": 0.4758333333333331,
    "Generation_Total_Score": 0.43694495708085823,
    "Retrieval_Total_Score": 0.17161941769612943
  },
  "score_en.jsonl": {
    "Sentences_Precision": 0.12597501772927266,
    "Sentences_Recall": 0.6257804008528288,
    "Words_Precision": 0.21720640029688876,
    "Words_Recall": 0.7525409024501706,
    "ROUGELScore": 0.35033157673129883,
    "completeness": 0.5808690476190478,
    "hallucination": 0.3180714285714286,
    "irrelevance": 0.10105952380952381,
    "Words_F1": 0.3371119466573207,
    "Sentences_F1": 0.20972964116641593,
    "factual_score": 0.26279761904761917,
    "Generation_Total_Score": 0.306564597889459,
    "Retrieval_Total_Score": 0.2734207939118683
  }
}