{
  "score_zh.jsonl": {
    "Sentences_Precision": 0.11103482426984289,
    "Sentences_Recall": 0.6934789251111344,
    "Words_Precision": 0.20664272574944811,
    "Words_Recall": 0.8361299261083744,
    "ROUGELScore": 0.36130601641300675,
    "completeness": 0.6380952380952382,
    "hallucination": 0.07619047619047618,
    "irrelevance": 0.2857142857142857,
    "Words_F1": 0.33138607289688865,
    "Sentences_F1": 0.19142074487552574,
    "factual_score": 0.561904761904762,
    "Generation_Total_Score": 0.4616053891588844,
    "Retrieval_Total_Score": 0.26140340888620717
  },
  "score_en.jsonl": {
    "Sentences_Precision": 0.1300325778654072,
    "Sentences_Recall": 0.41522869932089657,
    "Words_Precision": 0.2920188652050766,
    "Words_Recall": 0.615310518244236,
    "ROUGELScore": 0.19436703575882447,
    "completeness": 0.46979166666666666,
    "hallucination": 0.32083333333333336,
    "irrelevance": 0.209375,
    "Words_F1": 0.39606846766793197,
    "Sentences_F1": 0.19804545246644364,
    "factual_score": 0.1489583333333333,
    "Generation_Total_Score": 0.1716626845460789,
    "Retrieval_Total_Score": 0.2970569600671878
  }
}