{
  "score_zh.jsonl": {
    "Sentences_Precision": 0.06753966965880696,
    "Sentences_Recall": 0.27219540994916386,
    "Words_Precision": 0.33134298720537414,
    "Words_Recall": 0.6085415342918853,
    "ROUGELScore": 0.3318968747016261,
    "completeness": 0.419047619047619,
    "hallucination": 0.15238095238095237,
    "irrelevance": 0.42857142857142855,
    "Words_F1": 0.42906541218404953,
    "Sentences_F1": 0.10822543313350996,
    "factual_score": 0.2666666666666666,
    "Generation_Total_Score": 0.29928177068414635,
    "Retrieval_Total_Score": 0.2686454226587798
  },
  "score_en.jsonl": {
    "Sentences_Precision": 0.17078174527853934,
    "Sentences_Recall": 0.33432634335861705,
    "Words_Precision": 0.45124049448598674,
    "Words_Recall": 0.6019047994750941,
    "ROUGELScore": 0.2672745176825393,
    "completeness": 0.56875,
    "hallucination": 0.35312499999999997,
    "irrelevance": 0.078125,
    "Words_F1": 0.515795533448336,
    "Sentences_F1": 0.22607769582716875,
    "factual_score": 0.215625,
    "Generation_Total_Score": 0.24144975884126965,
    "Retrieval_Total_Score": 0.37093661463775235
  }
}