{
  "score_en.jsonl": {
    "Sentences_Precision": 0.09708455958747303,
    "Sentences_Recall": 0.6383614612000698,
    "Words_Precision": 0.2926099673765329,
    "Words_Recall": 0.7735636436101323,
    "ROUGELScore": 0.5021720919970758,
    "completeness": 0.568825396825397,
    "hallucination": 0.3273412698412699,
    "irrelevance": 0.10383333333333333,
    "Words_F1": 0.4246070812256555,
    "Sentences_F1": 0.16853729455727928,
    "factual_score": 0.24148412698412713,
    "Generation_Total_Score": 0.37182810949060147,
    "Retrieval_Total_Score": 0.2965721878914674
  },
  "score_zh.jsonl": {
    "Sentences_Precision": 0.10603680345166547,
    "Sentences_Recall": 0.5723438715911537,
    "Words_Precision": 0.32461360826276675,
    "Words_Recall": 0.7231640660232292,
    "ROUGELScore": 0.3916585081927495,
    "completeness": 0.6569722222222221,
    "hallucination": 0.18919444444444453,
    "irrelevance": 0.15383333333333335,
    "Words_F1": 0.4480891368443079,
    "Sentences_F1": 0.17892465646915937,
    "factual_score": 0.4677777777777775,
    "Generation_Total_Score": 0.4297181429852635,
    "Retrieval_Total_Score": 0.31350689665673365
  }
}