{
  "score_zh.jsonl": {
    "Sentences_Precision": 0.030952380952380953,
    "Sentences_Recall": 0.12471655328798185,
    "Words_Precision": 0.24853385996558489,
    "Words_Recall": 0.5234946213034937,
    "ROUGELScore": 0.27446489908832367,
    "completeness": 0.5333333333333333,
    "hallucination": 0.09523809523809523,
    "irrelevance": 0.37142857142857144,
    "Words_F1": 0.3370501012861802,
    "Sentences_F1": 0.0495959490861166,
    "factual_score": 0.4380952380952381,
    "Generation_Total_Score": 0.35628006859178085,
    "Retrieval_Total_Score": 0.19332302518614838
  },
  "score_en.jsonl": {
    "Sentences_Precision": 0.06111111111111111,
    "Sentences_Recall": 0.011603375527426161,
    "Words_Precision": 0.3151486044868398,
    "Words_Recall": 0.21680108693989134,
    "ROUGELScore": 0.1778786610160752,
    "completeness": 0.26979166666666665,
    "hallucination": 0.3677083333333333,
    "irrelevance": 0.3625,
    "Words_F1": 0.2568835403103061,
    "Sentences_F1": 0.019503546099290777,
    "factual_score": -0.09791666666666665,
    "Generation_Total_Score": 0.03998099717470427,
    "Retrieval_Total_Score": 0.13819354320479843
  }
}