{
  "score_zh.jsonl": {
    "Sentences_Precision": 0.0,
    "Sentences_Recall": 0.0,
    "Words_Precision": 0.19395216432984758,
    "Words_Recall": 0.5000780433698285,
    "ROUGELScore": 0.24790183687167874,
    "completeness": 0.2952380952380952,
    "hallucination": 0.14285714285714285,
    "irrelevance": 0.5619047619047619,
    "Words_F1": 0.2795014331346918,
    "Sentences_F1": 0.0,
    "factual_score": 0.15238095238095234,
    "Generation_Total_Score": 0.20014139462631553,
    "Retrieval_Total_Score": 0.1397507165673459
  },
  "score_en.jsonl": {
    "Sentences_Precision": 0.19956311137857388,
    "Sentences_Recall": 0.3297062666465651,
    "Words_Precision": 0.39362690612690615,
    "Words_Recall": 0.5735511083099742,
    "ROUGELScore": 0.25831073834908747,
    "completeness": 0.478125,
    "hallucination": 0.30937499999999996,
    "irrelevance": 0.2125,
    "Words_F1": 0.4668533504686009,
    "Sentences_F1": 0.24863410257555862,
    "factual_score": 0.16875000000000007,
    "Generation_Total_Score": 0.21353036917454377,
    "Retrieval_Total_Score": 0.35774372652207975
  }
}