{
  "score_zh.jsonl": {
    "Sentences_Precision": 0.10028575717810094,
    "Sentences_Recall": 0.3861288088438207,
    "Words_Precision": 0.18179736894295204,
    "Words_Recall": 0.6506472118994805,
    "ROUGELScore": 0.3695138010268692,
    "completeness": 0.34285714285714286,
    "hallucination": 0.07619047619047618,
    "irrelevance": 0.5809523809523809,
    "Words_F1": 0.28418937177460574,
    "Sentences_F1": 0.1592189982297347,
    "factual_score": 0.26666666666666666,
    "Generation_Total_Score": 0.31809023384676793,
    "Retrieval_Total_Score": 0.2217041850021702
  },
  "score_en.jsonl": {
    "Sentences_Precision": 0.13986367406178726,
    "Sentences_Recall": 0.09108063759962494,
    "Words_Precision": 0.29572578536879857,
    "Words_Recall": 0.36577007903170894,
    "ROUGELScore": 0.22005814778264748,
    "completeness": 0.33229166666666665,
    "hallucination": 0.3177083333333333,
    "irrelevance": 0.35,
    "Words_F1": 0.32703951666905284,
    "Sentences_F1": 0.11031986472349392,
    "factual_score": 0.014583333333333337,
    "Generation_Total_Score": 0.11732074055799041,
    "Retrieval_Total_Score": 0.21867969069627338
  }
}