{
  "score_zh.jsonl": {
    "Sentences_Precision": 0.11103482426984289,
    "Sentences_Recall": 0.6934789251111344,
    "Words_Precision": 0.20664272574944811,
    "Words_Recall": 0.8361299261083744,
    "ROUGELScore": 0.36130601641300675,
    "completeness": 0.6380952380952382,
    "hallucination": 0.07619047619047618,
    "irrelevance": 0.2857142857142857,
    "Words_F1": 0.33138607289688865,
    "Sentences_F1": 0.19142074487552574,
    "factual_score": 0.561904761904762,
    "Generation_Total_Score": 0.4616053891588844,
    "Retrieval_Total_Score": 0.26140340888620717
  },
  "score_en.jsonl": {
    "Sentences_Precision": 0.24626640808187056,
    "Sentences_Recall": 0.34763875609804196,
    "Words_Precision": 0.41154788978141216,
    "Words_Recall": 0.5656903559236744,
    "ROUGELScore": 0.2696046897841879,
    "completeness": 0.553125,
    "hallucination": 0.36874999999999997,
    "irrelevance": 0.078125,
    "Words_F1": 0.47646246608391907,
    "Sentences_F1": 0.2883010720828815,
    "factual_score": 0.184375,
    "Generation_Total_Score": 0.22698984489209395,
    "Retrieval_Total_Score": 0.38238176908340027
  }
}