{
  "score_zh.jsonl": {
    "Sentences_Precision": 0.06753966965880696,
    "Sentences_Recall": 0.27219540994916386,
    "Words_Precision": 0.33134298720537414,
    "Words_Recall": 0.6085415342918853,
    "ROUGELScore": 0.3318968747016261,
    "completeness": 0.419047619047619,
    "hallucination": 0.15238095238095237,
    "irrelevance": 0.42857142857142855,
    "Words_F1": 0.42906541218404953,
    "Sentences_F1": 0.10822543313350996,
    "factual_score": 0.2666666666666666,
    "Generation_Total_Score": 0.29928177068414635,
    "Retrieval_Total_Score": 0.2686454226587798
  },
  "score_en.jsonl": {
    "Sentences_Precision": 0.09640157998928316,
    "Sentences_Recall": 0.26562405328228117,
    "Words_Precision": 0.40353689600113823,
    "Words_Recall": 0.5405840447581131,
    "ROUGELScore": 0.21840852882104378,
    "completeness": 0.553125,
    "hallucination": 0.38437499999999997,
    "irrelevance": 0.0625,
    "Words_F1": 0.4621136933452596,
    "Sentences_F1": 0.1414627919474493,
    "factual_score": 0.16875,
    "Generation_Total_Score": 0.1935792644105219,
    "Retrieval_Total_Score": 0.30178824264635445
  }
}