{
  "score_zh.jsonl": {
    "Sentences_Precision": 0.13142391551462038,
    "Sentences_Recall": 0.7708598774920868,
    "Words_Precision": 0.20445125568791475,
    "Words_Recall": 0.8236607142857143,
    "ROUGELScore": 0.3962375739755587,
    "completeness": 0.5428571428571429,
    "hallucination": 0.07619047619047618,
    "irrelevance": 0.38095238095238093,
    "Words_F1": 0.3275877962997328,
    "Sentences_F1": 0.2245622146786749,
    "factual_score": 0.46666666666666673,
    "Generation_Total_Score": 0.4314521203211127,
    "Retrieval_Total_Score": 0.27607500548920383
  },
  "score_en.jsonl": {
    "Sentences_Precision": 0.18220813349061182,
    "Sentences_Recall": 0.4090615932388084,
    "Words_Precision": 0.31544736703955745,
    "Words_Recall": 0.6586860052748502,
    "ROUGELScore": 0.2862916585650286,
    "completeness": 0.47291666666666665,
    "hallucination": 0.3770833333333333,
    "irrelevance": 0.15,
    "Words_F1": 0.4265961355498926,
    "Sentences_F1": 0.2521162373694398,
    "factual_score": 0.09583333333333333,
    "Generation_Total_Score": 0.19106249594918095,
    "Retrieval_Total_Score": 0.3393561864596662
  }
}